sample_name,Label,R1_input,R2_input,Strandness
SRR4784229,T,/pi/chan.zhou-umw/SeqData/2nd_seq/GSE89403_TB_validation/FASTQ_final/SRR4784229_1.fastq.gz,/pi/chan.zhou-umw/SeqData/2nd_seq/GSE89403_TB_validation/FASTQ_final/SRR4784229_2.fastq.gz,first
SRR4784230,T,/pi/chan.zhou-umw/SeqData/2nd_seq/GSE89403_TB_validation/FASTQ_final/SRR4784230_1.fastq.gz,/pi/chan.zhou-umw/SeqData/2nd_seq/GSE89403_TB_validation/FASTQ_final/SRR4784230_2.fastq.gz,first
SRR4784237,T,/pi/chan.zhou-umw/SeqData/2nd_seq/GSE89403_TB_validation/FASTQ_final/SRR4784237_1.fastq.gz,/pi/chan.zhou-umw/SeqData/2nd_seq/GSE89403_TB_validation/FASTQ_final/SRR4784237_2.fastq.gz,first
SRR4784238,T,/pi/chan.zhou-umw/SeqData/2nd_seq/GSE89403_TB_validation/FASTQ_final/SRR4784238_1.fastq.gz,/pi/chan.zhou-umw/SeqData/2nd_seq/GSE89403_TB_validation/FASTQ_final/SRR4784238_2.fastq.gz,first
SRR4784245,T,/pi/chan.zhou-umw/SeqData/2nd_seq/GSE89403_TB_validation/FASTQ_final/SRR4784245_1.fastq.gz,/pi/chan.zhou-umw/SeqData/2nd_seq/GSE89403_TB_validation/FASTQ_final/SRR4784245_2.fastq.gz,first
SRR4784246,T,/pi/chan.zhou-umw/SeqData/2nd_seq/GSE89403_TB_validation/FASTQ_final/SRR4784246_1.fastq.gz,/pi/chan.zhou-umw/SeqData/2nd_seq/GSE89403_TB_validation/FASTQ_final/SRR4784246_2.fastq.gz,first
SRR4784253,T,/pi/chan.zhou-umw/SeqData/2nd_seq/GSE89403_TB_validation/FASTQ_final/SRR4784253_1.fastq.gz,/pi/chan.zhou-umw/SeqData/2nd_seq/GSE89403_TB_validation/FASTQ_final/SRR4784253_2.fastq.gz,first
SRR4784254,T,/pi/chan.zhou-umw/SeqData/2nd_seq/GSE89403_TB_validation/FASTQ_final/SRR4784254_1.fastq.gz,/pi/chan.zhou-umw/SeqData/2nd_seq/GSE89403_TB_validation/FASTQ_final/SRR4784254_2.fastq.gz,first
SRR4784261,T,/pi/chan.zhou-umw/SeqData/2nd_seq/GSE89403_TB_validation/FASTQ_final/SRR4784261_1.fastq.gz,/pi/chan.zhou-umw/SeqData/2nd_seq/GSE89403_TB_validation/FASTQ_final/SRR4784261_2.fastq.gz,first
SRR4784262,T,/pi/chan.zhou-umw/SeqData/2nd_seq/GSE89403_TB_validation/FASTQ_final/SRR4784262_1.fastq.gz,/pi/chan.zhou-umw/SeqData/2nd_seq/GSE89403_TB_validation/FASTQ_final/SRR4784262_2.fastq.gz,first
SRR4784269,T,/pi/chan.zhou-umw/SeqData/2nd_seq/GSE89403_TB_validation/FASTQ_final/SRR4784269_1.fastq.gz,/pi/chan.zhou-umw/SeqData/2nd_seq/GSE89403_TB_validation/FASTQ_final/SRR4784269_2.fastq.gz,first
SRR4784270,T,/pi/chan.zhou-umw/SeqData/2nd_seq/GSE89403_TB_validation/FASTQ_final/SRR4784270_1.fastq.gz,/pi/chan.zhou-umw/SeqData/2nd_seq/GSE89403_TB_validation/FASTQ_final/SRR4784270_2.fastq.gz,first
SRR4784283,T,/pi/chan.zhou-umw/SeqData/2nd_seq/GSE89403_TB_validation/FASTQ_final/SRR4784283_1.fastq.gz,/pi/chan.zhou-umw/SeqData/2nd_seq/GSE89403_TB_validation/FASTQ_final/SRR4784283_2.fastq.gz,first
SRR4784284,T,/pi/chan.zhou-umw/SeqData/2nd_seq/GSE89403_TB_validation/FASTQ_final/SRR4784284_1.fastq.gz,/pi/chan.zhou-umw/SeqData/2nd_seq/GSE89403_TB_validation/FASTQ_final/SRR4784284_2.fastq.gz,first
SRR4784293,T,/pi/chan.zhou-umw/SeqData/2nd_seq/GSE89403_TB_validation/FASTQ_final/SRR4784293_1.fastq.gz,/pi/chan.zhou-umw/SeqData/2nd_seq/GSE89403_TB_validation/FASTQ_final/SRR4784293_2.fastq.gz,first
SRR4784294,T,/pi/chan.zhou-umw/SeqData/2nd_seq/GSE89403_TB_validation/FASTQ_final/SRR4784294_1.fastq.gz,/pi/chan.zhou-umw/SeqData/2nd_seq/GSE89403_TB_validation/FASTQ_final/SRR4784294_2.fastq.gz,first
SRR4784301,T,/pi/chan.zhou-umw/SeqData/2nd_seq/GSE89403_TB_validation/FASTQ_final/SRR4784301_1.fastq.gz,/pi/chan.zhou-umw/SeqData/2nd_seq/GSE89403_TB_validation/FASTQ_final/SRR4784301_2.fastq.gz,first
SRR4784302,T,/pi/chan.zhou-umw/SeqData/2nd_seq/GSE89403_TB_validation/FASTQ_final/SRR4784302_1.fastq.gz,/pi/chan.zhou-umw/SeqData/2nd_seq/GSE89403_TB_validation/FASTQ_final/SRR4784302_2.fastq.gz,first
SRR4784307,T,/pi/chan.zhou-umw/SeqData/2nd_seq/GSE89403_TB_validation/FASTQ_final/SRR4784307_1.fastq.gz,/pi/chan.zhou-umw/SeqData/2nd_seq/GSE89403_TB_validation/FASTQ_final/SRR4784307_2.fastq.gz,first
SRR4784308,T,/pi/chan.zhou-umw/SeqData/2nd_seq/GSE89403_TB_validation/FASTQ_final/SRR4784308_1.fastq.gz,/pi/chan.zhou-umw/SeqData/2nd_seq/GSE89403_TB_validation/FASTQ_final/SRR4784308_2.fastq.gz,first
SRR4784315,T,/pi/chan.zhou-umw/SeqData/2nd_seq/GSE89403_TB_validation/FASTQ_final/SRR4784315_1.fastq.gz,/pi/chan.zhou-umw/SeqData/2nd_seq/GSE89403_TB_validation/FASTQ_final/SRR4784315_2.fastq.gz,first
SRR4784316,T,/pi/chan.zhou-umw/SeqData/2nd_seq/GSE89403_TB_validation/FASTQ_final/SRR4784316_1.fastq.gz,/pi/chan.zhou-umw/SeqData/2nd_seq/GSE89403_TB_validation/FASTQ_final/SRR4784316_2.fastq.gz,first
SRR4784329,T,/pi/chan.zhou-umw/SeqData/2nd_seq/GSE89403_TB_validation/FASTQ_final/SRR4784329_1.fastq.gz,/pi/chan.zhou-umw/SeqData/2nd_seq/GSE89403_TB_validation/FASTQ_final/SRR4784329_2.fastq.gz,first
SRR4784330,T,/pi/chan.zhou-umw/SeqData/2nd_seq/GSE89403_TB_validation/FASTQ_final/SRR4784330_1.fastq.gz,/pi/chan.zhou-umw/SeqData/2nd_seq/GSE89403_TB_validation/FASTQ_final/SRR4784330_2.fastq.gz,first
SRR4784345,T,/pi/chan.zhou-umw/SeqData/2nd_seq/GSE89403_TB_validation/FASTQ_final/SRR4784345_1.fastq.gz,/pi/chan.zhou-umw/SeqData/2nd_seq/GSE89403_TB_validation/FASTQ_final/SRR4784345_2.fastq.gz,first
SRR4784346,T,/pi/chan.zhou-umw/SeqData/2nd_seq/GSE89403_TB_validation/FASTQ_final/SRR4784346_1.fastq.gz,/pi/chan.zhou-umw/SeqData/2nd_seq/GSE89403_TB_validation/FASTQ_final/SRR4784346_2.fastq.gz,first
SRR4784425,T,/pi/chan.zhou-umw/SeqData/2nd_seq/GSE89403_TB_validation/FASTQ_final/SRR4784425_1.fastq.gz,/pi/chan.zhou-umw/SeqData/2nd_seq/GSE89403_TB_validation/FASTQ_final/SRR4784425_2.fastq.gz,first
SRR4784426,T,/pi/chan.zhou-umw/SeqData/2nd_seq/GSE89403_TB_validation/FASTQ_final/SRR4784426_1.fastq.gz,/pi/chan.zhou-umw/SeqData/2nd_seq/GSE89403_TB_validation/FASTQ_final/SRR4784426_2.fastq.gz,first
SRR4784359,T,/pi/chan.zhou-umw/SeqData/2nd_seq/GSE89403_TB_validation/FASTQ_final/SRR4784359_1.fastq.gz,/pi/chan.zhou-umw/SeqData/2nd_seq/GSE89403_TB_validation/FASTQ_final/SRR4784359_2.fastq.gz,first
SRR4784360,T,/pi/chan.zhou-umw/SeqData/2nd_seq/GSE89403_TB_validation/FASTQ_final/SRR4784360_1.fastq.gz,/pi/chan.zhou-umw/SeqData/2nd_seq/GSE89403_TB_validation/FASTQ_final/SRR4784360_2.fastq.gz,first
SRR4784367,T,/pi/chan.zhou-umw/SeqData/2nd_seq/GSE89403_TB_validation/FASTQ_final/SRR4784367_1.fastq.gz,/pi/chan.zhou-umw/SeqData/2nd_seq/GSE89403_TB_validation/FASTQ_final/SRR4784367_2.fastq.gz,first
SRR4784368,T,/pi/chan.zhou-umw/SeqData/2nd_seq/GSE89403_TB_validation/FASTQ_final/SRR4784368_1.fastq.gz,/pi/chan.zhou-umw/SeqData/2nd_seq/GSE89403_TB_validation/FASTQ_final/SRR4784368_2.fastq.gz,first
SRR4784375,T,/pi/chan.zhou-umw/SeqData/2nd_seq/GSE89403_TB_validation/FASTQ_final/SRR4784375_1.fastq.gz,/pi/chan.zhou-umw/SeqData/2nd_seq/GSE89403_TB_validation/FASTQ_final/SRR4784375_2.fastq.gz,first
SRR4784376,T,/pi/chan.zhou-umw/SeqData/2nd_seq/GSE89403_TB_validation/FASTQ_final/SRR4784376_1.fastq.gz,/pi/chan.zhou-umw/SeqData/2nd_seq/GSE89403_TB_validation/FASTQ_final/SRR4784376_2.fastq.gz,first
SRR4784381,T,/pi/chan.zhou-umw/SeqData/2nd_seq/GSE89403_TB_validation/FASTQ_final/SRR4784381_1.fastq.gz,/pi/chan.zhou-umw/SeqData/2nd_seq/GSE89403_TB_validation/FASTQ_final/SRR4784381_2.fastq.gz,first
SRR4784382,T,/pi/chan.zhou-umw/SeqData/2nd_seq/GSE89403_TB_validation/FASTQ_final/SRR4784382_1.fastq.gz,/pi/chan.zhou-umw/SeqData/2nd_seq/GSE89403_TB_validation/FASTQ_final/SRR4784382_2.fastq.gz,first
SRR4784387,T,/pi/chan.zhou-umw/SeqData/2nd_seq/GSE89403_TB_validation/FASTQ_final/SRR4784387_1.fastq.gz,/pi/chan.zhou-umw/SeqData/2nd_seq/GSE89403_TB_validation/FASTQ_final/SRR4784387_2.fastq.gz,first
SRR4784388,T,/pi/chan.zhou-umw/SeqData/2nd_seq/GSE89403_TB_validation/FASTQ_final/SRR4784388_1.fastq.gz,/pi/chan.zhou-umw/SeqData/2nd_seq/GSE89403_TB_validation/FASTQ_final/SRR4784388_2.fastq.gz,first
SRR4784401,T,/pi/chan.zhou-umw/SeqData/2nd_seq/GSE89403_TB_validation/FASTQ_final/SRR4784401_1.fastq.gz,/pi/chan.zhou-umw/SeqData/2nd_seq/GSE89403_TB_validation/FASTQ_final/SRR4784401_2.fastq.gz,first
SRR4784402,T,/pi/chan.zhou-umw/SeqData/2nd_seq/GSE89403_TB_validation/FASTQ_final/SRR4784402_1.fastq.gz,/pi/chan.zhou-umw/SeqData/2nd_seq/GSE89403_TB_validation/FASTQ_final/SRR4784402_2.fastq.gz,first
SRR4784409,T,/pi/chan.zhou-umw/SeqData/2nd_seq/GSE89403_TB_validation/FASTQ_final/SRR4784409_1.fastq.gz,/pi/chan.zhou-umw/SeqData/2nd_seq/GSE89403_TB_validation/FASTQ_final/SRR4784409_2.fastq.gz,first
SRR4784410,T,/pi/chan.zhou-umw/SeqData/2nd_seq/GSE89403_TB_validation/FASTQ_final/SRR4784410_1.fastq.gz,/pi/chan.zhou-umw/SeqData/2nd_seq/GSE89403_TB_validation/FASTQ_final/SRR4784410_2.fastq.gz,first
SRR4784417,T,/pi/chan.zhou-umw/SeqData/2nd_seq/GSE89403_TB_validation/FASTQ_final/SRR4784417_1.fastq.gz,/pi/chan.zhou-umw/SeqData/2nd_seq/GSE89403_TB_validation/FASTQ_final/SRR4784417_2.fastq.gz,first
SRR4784418,T,/pi/chan.zhou-umw/SeqData/2nd_seq/GSE89403_TB_validation/FASTQ_final/SRR4784418_1.fastq.gz,/pi/chan.zhou-umw/SeqData/2nd_seq/GSE89403_TB_validation/FASTQ_final/SRR4784418_2.fastq.gz,first
SRR4784433,T,/pi/chan.zhou-umw/SeqData/2nd_seq/GSE89403_TB_validation/FASTQ_final/SRR4784433_1.fastq.gz,/pi/chan.zhou-umw/SeqData/2nd_seq/GSE89403_TB_validation/FASTQ_final/SRR4784433_2.fastq.gz,first
SRR4784434,T,/pi/chan.zhou-umw/SeqData/2nd_seq/GSE89403_TB_validation/FASTQ_final/SRR4784434_1.fastq.gz,/pi/chan.zhou-umw/SeqData/2nd_seq/GSE89403_TB_validation/FASTQ_final/SRR4784434_2.fastq.gz,first
SRR4784441,T,/pi/chan.zhou-umw/SeqData/2nd_seq/GSE89403_TB_validation/FASTQ_final/SRR4784441_1.fastq.gz,/pi/chan.zhou-umw/SeqData/2nd_seq/GSE89403_TB_validation/FASTQ_final/SRR4784441_2.fastq.gz,first
SRR4784442,T,/pi/chan.zhou-umw/SeqData/2nd_seq/GSE89403_TB_validation/FASTQ_final/SRR4784442_1.fastq.gz,/pi/chan.zhou-umw/SeqData/2nd_seq/GSE89403_TB_validation/FASTQ_final/SRR4784442_2.fastq.gz,first
SRR4784449,T,/pi/chan.zhou-umw/SeqData/2nd_seq/GSE89403_TB_validation/FASTQ_final/SRR4784449_1.fastq.gz,/pi/chan.zhou-umw/SeqData/2nd_seq/GSE89403_TB_validation/FASTQ_final/SRR4784449_2.fastq.gz,first
SRR4784450,T,/pi/chan.zhou-umw/SeqData/2nd_seq/GSE89403_TB_validation/FASTQ_final/SRR4784450_1.fastq.gz,/pi/chan.zhou-umw/SeqData/2nd_seq/GSE89403_TB_validation/FASTQ_final/SRR4784450_2.fastq.gz,first
SRR4784457,T,/pi/chan.zhou-umw/SeqData/2nd_seq/GSE89403_TB_validation/FASTQ_final/SRR4784457_1.fastq.gz,/pi/chan.zhou-umw/SeqData/2nd_seq/GSE89403_TB_validation/FASTQ_final/SRR4784457_2.fastq.gz,first
SRR4784458,T,/pi/chan.zhou-umw/SeqData/2nd_seq/GSE89403_TB_validation/FASTQ_final/SRR4784458_1.fastq.gz,/pi/chan.zhou-umw/SeqData/2nd_seq/GSE89403_TB_validation/FASTQ_final/SRR4784458_2.fastq.gz,first
SRR4784463,T,/pi/chan.zhou-umw/SeqData/2nd_seq/GSE89403_TB_validation/FASTQ_final/SRR4784463_1.fastq.gz,/pi/chan.zhou-umw/SeqData/2nd_seq/GSE89403_TB_validation/FASTQ_final/SRR4784463_2.fastq.gz,first
SRR4784464,T,/pi/chan.zhou-umw/SeqData/2nd_seq/GSE89403_TB_validation/FASTQ_final/SRR4784464_1.fastq.gz,/pi/chan.zhou-umw/SeqData/2nd_seq/GSE89403_TB_validation/FASTQ_final/SRR4784464_2.fastq.gz,first
SRR4784471,T,/pi/chan.zhou-umw/SeqData/2nd_seq/GSE89403_TB_validation/FASTQ_final/SRR4784471_1.fastq.gz,/pi/chan.zhou-umw/SeqData/2nd_seq/GSE89403_TB_validation/FASTQ_final/SRR4784471_2.fastq.gz,first
SRR4784472,T,/pi/chan.zhou-umw/SeqData/2nd_seq/GSE89403_TB_validation/FASTQ_final/SRR4784472_1.fastq.gz,/pi/chan.zhou-umw/SeqData/2nd_seq/GSE89403_TB_validation/FASTQ_final/SRR4784472_2.fastq.gz,first
SRR4784479,T,/pi/chan.zhou-umw/SeqData/2nd_seq/GSE89403_TB_validation/FASTQ_final/SRR4784479_1.fastq.gz,/pi/chan.zhou-umw/SeqData/2nd_seq/GSE89403_TB_validation/FASTQ_final/SRR4784479_2.fastq.gz,first
SRR4784480,T,/pi/chan.zhou-umw/SeqData/2nd_seq/GSE89403_TB_validation/FASTQ_final/SRR4784480_1.fastq.gz,/pi/chan.zhou-umw/SeqData/2nd_seq/GSE89403_TB_validation/FASTQ_final/SRR4784480_2.fastq.gz,first
SRR4784489,T,/pi/chan.zhou-umw/SeqData/2nd_seq/GSE89403_TB_validation/FASTQ_final/SRR4784489_1.fastq.gz,/pi/chan.zhou-umw/SeqData/2nd_seq/GSE89403_TB_validation/FASTQ_final/SRR4784489_2.fastq.gz,first
SRR4784490,T,/pi/chan.zhou-umw/SeqData/2nd_seq/GSE89403_TB_validation/FASTQ_final/SRR4784490_1.fastq.gz,/pi/chan.zhou-umw/SeqData/2nd_seq/GSE89403_TB_validation/FASTQ_final/SRR4784490_2.fastq.gz,first
SRR4784505,T,/pi/chan.zhou-umw/SeqData/2nd_seq/GSE89403_TB_validation/FASTQ_final/SRR4784505_1.fastq.gz,/pi/chan.zhou-umw/SeqData/2nd_seq/GSE89403_TB_validation/FASTQ_final/SRR4784505_2.fastq.gz,first
SRR4784506,T,/pi/chan.zhou-umw/SeqData/2nd_seq/GSE89403_TB_validation/FASTQ_final/SRR4784506_1.fastq.gz,/pi/chan.zhou-umw/SeqData/2nd_seq/GSE89403_TB_validation/FASTQ_final/SRR4784506_2.fastq.gz,first
SRR4784511,T,/pi/chan.zhou-umw/SeqData/2nd_seq/GSE89403_TB_validation/FASTQ_final/SRR4784511_1.fastq.gz,/pi/chan.zhou-umw/SeqData/2nd_seq/GSE89403_TB_validation/FASTQ_final/SRR4784511_2.fastq.gz,first
SRR4784512,T,/pi/chan.zhou-umw/SeqData/2nd_seq/GSE89403_TB_validation/FASTQ_final/SRR4784512_1.fastq.gz,/pi/chan.zhou-umw/SeqData/2nd_seq/GSE89403_TB_validation/FASTQ_final/SRR4784512_2.fastq.gz,first
SRR4784519,T,/pi/chan.zhou-umw/SeqData/2nd_seq/GSE89403_TB_validation/FASTQ_final/SRR4784519_1.fastq.gz,/pi/chan.zhou-umw/SeqData/2nd_seq/GSE89403_TB_validation/FASTQ_final/SRR4784519_2.fastq.gz,first
SRR4784520,T,/pi/chan.zhou-umw/SeqData/2nd_seq/GSE89403_TB_validation/FASTQ_final/SRR4784520_1.fastq.gz,/pi/chan.zhou-umw/SeqData/2nd_seq/GSE89403_TB_validation/FASTQ_final/SRR4784520_2.fastq.gz,first
SRR4784527,T,/pi/chan.zhou-umw/SeqData/2nd_seq/GSE89403_TB_validation/FASTQ_final/SRR4784527_1.fastq.gz,/pi/chan.zhou-umw/SeqData/2nd_seq/GSE89403_TB_validation/FASTQ_final/SRR4784527_2.fastq.gz,first
SRR4784528,T,/pi/chan.zhou-umw/SeqData/2nd_seq/GSE89403_TB_validation/FASTQ_final/SRR4784528_1.fastq.gz,/pi/chan.zhou-umw/SeqData/2nd_seq/GSE89403_TB_validation/FASTQ_final/SRR4784528_2.fastq.gz,first
SRR4784535,T,/pi/chan.zhou-umw/SeqData/2nd_seq/GSE89403_TB_validation/FASTQ_final/SRR4784535_1.fastq.gz,/pi/chan.zhou-umw/SeqData/2nd_seq/GSE89403_TB_validation/FASTQ_final/SRR4784535_2.fastq.gz,first
SRR4784536,T,/pi/chan.zhou-umw/SeqData/2nd_seq/GSE89403_TB_validation/FASTQ_final/SRR4784536_1.fastq.gz,/pi/chan.zhou-umw/SeqData/2nd_seq/GSE89403_TB_validation/FASTQ_final/SRR4784536_2.fastq.gz,first
SRR4784551,T,/pi/chan.zhou-umw/SeqData/2nd_seq/GSE89403_TB_validation/FASTQ_final/SRR4784551_1.fastq.gz,/pi/chan.zhou-umw/SeqData/2nd_seq/GSE89403_TB_validation/FASTQ_final/SRR4784551_2.fastq.gz,first
SRR4784552,T,/pi/chan.zhou-umw/SeqData/2nd_seq/GSE89403_TB_validation/FASTQ_final/SRR4784552_1.fastq.gz,/pi/chan.zhou-umw/SeqData/2nd_seq/GSE89403_TB_validation/FASTQ_final/SRR4784552_2.fastq.gz,first
SRR4784559,T,/pi/chan.zhou-umw/SeqData/2nd_seq/GSE89403_TB_validation/FASTQ_final/SRR4784559_1.fastq.gz,/pi/chan.zhou-umw/SeqData/2nd_seq/GSE89403_TB_validation/FASTQ_final/SRR4784559_2.fastq.gz,first
SRR4784560,T,/pi/chan.zhou-umw/SeqData/2nd_seq/GSE89403_TB_validation/FASTQ_final/SRR4784560_1.fastq.gz,/pi/chan.zhou-umw/SeqData/2nd_seq/GSE89403_TB_validation/FASTQ_final/SRR4784560_2.fastq.gz,first
SRR4784567,T,/pi/chan.zhou-umw/SeqData/2nd_seq/GSE89403_TB_validation/FASTQ_final/SRR4784567_1.fastq.gz,/pi/chan.zhou-umw/SeqData/2nd_seq/GSE89403_TB_validation/FASTQ_final/SRR4784567_2.fastq.gz,first
SRR4784568,T,/pi/chan.zhou-umw/SeqData/2nd_seq/GSE89403_TB_validation/FASTQ_final/SRR4784568_1.fastq.gz,/pi/chan.zhou-umw/SeqData/2nd_seq/GSE89403_TB_validation/FASTQ_final/SRR4784568_2.fastq.gz,first
SRR4784575,T,/pi/chan.zhou-umw/SeqData/2nd_seq/GSE89403_TB_validation/FASTQ_final/SRR4784575_1.fastq.gz,/pi/chan.zhou-umw/SeqData/2nd_seq/GSE89403_TB_validation/FASTQ_final/SRR4784575_2.fastq.gz,first
SRR4784576,T,/pi/chan.zhou-umw/SeqData/2nd_seq/GSE89403_TB_validation/FASTQ_final/SRR4784576_1.fastq.gz,/pi/chan.zhou-umw/SeqData/2nd_seq/GSE89403_TB_validation/FASTQ_final/SRR4784576_2.fastq.gz,first
SRR4784603,T,/pi/chan.zhou-umw/SeqData/2nd_seq/GSE89403_TB_validation/FASTQ_final/SRR4784603_1.fastq.gz,/pi/chan.zhou-umw/SeqData/2nd_seq/GSE89403_TB_validation/FASTQ_final/SRR4784603_2.fastq.gz,first
SRR4784604,T,/pi/chan.zhou-umw/SeqData/2nd_seq/GSE89403_TB_validation/FASTQ_final/SRR4784604_1.fastq.gz,/pi/chan.zhou-umw/SeqData/2nd_seq/GSE89403_TB_validation/FASTQ_final/SRR4784604_2.fastq.gz,first
SRR4784635,T,/pi/chan.zhou-umw/SeqData/2nd_seq/GSE89403_TB_validation/FASTQ_final/SRR4784635_1.fastq.gz,/pi/chan.zhou-umw/SeqData/2nd_seq/GSE89403_TB_validation/FASTQ_final/SRR4784635_2.fastq.gz,first
SRR4784636,T,/pi/chan.zhou-umw/SeqData/2nd_seq/GSE89403_TB_validation/FASTQ_final/SRR4784636_1.fastq.gz,/pi/chan.zhou-umw/SeqData/2nd_seq/GSE89403_TB_validation/FASTQ_final/SRR4784636_2.fastq.gz,first
SRR4784767,T,/pi/chan.zhou-umw/SeqData/2nd_seq/GSE89403_TB_validation/FASTQ_final/SRR4784767_1.fastq.gz,/pi/chan.zhou-umw/SeqData/2nd_seq/GSE89403_TB_validation/FASTQ_final/SRR4784767_2.fastq.gz,first
SRR4784768,T,/pi/chan.zhou-umw/SeqData/2nd_seq/GSE89403_TB_validation/FASTQ_final/SRR4784768_1.fastq.gz,/pi/chan.zhou-umw/SeqData/2nd_seq/GSE89403_TB_validation/FASTQ_final/SRR4784768_2.fastq.gz,first
SRR4784811,T,/pi/chan.zhou-umw/SeqData/2nd_seq/GSE89403_TB_validation/FASTQ_final/SRR4784811_1.fastq.gz,/pi/chan.zhou-umw/SeqData/2nd_seq/GSE89403_TB_validation/FASTQ_final/SRR4784811_2.fastq.gz,first
SRR4784812,T,/pi/chan.zhou-umw/SeqData/2nd_seq/GSE89403_TB_validation/FASTQ_final/SRR4784812_1.fastq.gz,/pi/chan.zhou-umw/SeqData/2nd_seq/GSE89403_TB_validation/FASTQ_final/SRR4784812_2.fastq.gz,first
SRR4784819,T,/pi/chan.zhou-umw/SeqData/2nd_seq/GSE89403_TB_validation/FASTQ_final/SRR4784819_1.fastq.gz,/pi/chan.zhou-umw/SeqData/2nd_seq/GSE89403_TB_validation/FASTQ_final/SRR4784819_2.fastq.gz,first
SRR4784820,T,/pi/chan.zhou-umw/SeqData/2nd_seq/GSE89403_TB_validation/FASTQ_final/SRR4784820_1.fastq.gz,/pi/chan.zhou-umw/SeqData/2nd_seq/GSE89403_TB_validation/FASTQ_final/SRR4784820_2.fastq.gz,first
SRR4784853,T,/pi/chan.zhou-umw/SeqData/2nd_seq/GSE89403_TB_validation/FASTQ_final/SRR4784853_1.fastq.gz,/pi/chan.zhou-umw/SeqData/2nd_seq/GSE89403_TB_validation/FASTQ_final/SRR4784853_2.fastq.gz,first
SRR4784854,T,/pi/chan.zhou-umw/SeqData/2nd_seq/GSE89403_TB_validation/FASTQ_final/SRR4784854_1.fastq.gz,/pi/chan.zhou-umw/SeqData/2nd_seq/GSE89403_TB_validation/FASTQ_final/SRR4784854_2.fastq.gz,first
SRR4784861,T,/pi/chan.zhou-umw/SeqData/2nd_seq/GSE89403_TB_validation/FASTQ_final/SRR4784861_1.fastq.gz,/pi/chan.zhou-umw/SeqData/2nd_seq/GSE89403_TB_validation/FASTQ_final/SRR4784861_2.fastq.gz,first
SRR4784862,T,/pi/chan.zhou-umw/SeqData/2nd_seq/GSE89403_TB_validation/FASTQ_final/SRR4784862_1.fastq.gz,/pi/chan.zhou-umw/SeqData/2nd_seq/GSE89403_TB_validation/FASTQ_final/SRR4784862_2.fastq.gz,first
SRR4784873,T,/pi/chan.zhou-umw/SeqData/2nd_seq/GSE89403_TB_validation/FASTQ_final/SRR4784873_1.fastq.gz,/pi/chan.zhou-umw/SeqData/2nd_seq/GSE89403_TB_validation/FASTQ_final/SRR4784873_2.fastq.gz,first
SRR4784874,T,/pi/chan.zhou-umw/SeqData/2nd_seq/GSE89403_TB_validation/FASTQ_final/SRR4784874_1.fastq.gz,/pi/chan.zhou-umw/SeqData/2nd_seq/GSE89403_TB_validation/FASTQ_final/SRR4784874_2.fastq.gz,first
SRR4784881,T,/pi/chan.zhou-umw/SeqData/2nd_seq/GSE89403_TB_validation/FASTQ_final/SRR4784881_1.fastq.gz,/pi/chan.zhou-umw/SeqData/2nd_seq/GSE89403_TB_validation/FASTQ_final/SRR4784881_2.fastq.gz,first
SRR4784882,T,/pi/chan.zhou-umw/SeqData/2nd_seq/GSE89403_TB_validation/FASTQ_final/SRR4784882_1.fastq.gz,/pi/chan.zhou-umw/SeqData/2nd_seq/GSE89403_TB_validation/FASTQ_final/SRR4784882_2.fastq.gz,first
SRR4784915,T,/pi/chan.zhou-umw/SeqData/2nd_seq/GSE89403_TB_validation/FASTQ_final/SRR4784915_1.fastq.gz,/pi/chan.zhou-umw/SeqData/2nd_seq/GSE89403_TB_validation/FASTQ_final/SRR4784915_2.fastq.gz,first
SRR4784916,T,/pi/chan.zhou-umw/SeqData/2nd_seq/GSE89403_TB_validation/FASTQ_final/SRR4784916_1.fastq.gz,/pi/chan.zhou-umw/SeqData/2nd_seq/GSE89403_TB_validation/FASTQ_final/SRR4784916_2.fastq.gz,first
SRR4784923,T,/pi/chan.zhou-umw/SeqData/2nd_seq/GSE89403_TB_validation/FASTQ_final/SRR4784923_1.fastq.gz,/pi/chan.zhou-umw/SeqData/2nd_seq/GSE89403_TB_validation/FASTQ_final/SRR4784923_2.fastq.gz,first
SRR4784924,T,/pi/chan.zhou-umw/SeqData/2nd_seq/GSE89403_TB_validation/FASTQ_final/SRR4784924_1.fastq.gz,/pi/chan.zhou-umw/SeqData/2nd_seq/GSE89403_TB_validation/FASTQ_final/SRR4784924_2.fastq.gz,first
SRR4784931,T,/pi/chan.zhou-umw/SeqData/2nd_seq/GSE89403_TB_validation/FASTQ_final/SRR4784931_1.fastq.gz,/pi/chan.zhou-umw/SeqData/2nd_seq/GSE89403_TB_validation/FASTQ_final/SRR4784931_2.fastq.gz,first
SRR4784932,T,/pi/chan.zhou-umw/SeqData/2nd_seq/GSE89403_TB_validation/FASTQ_final/SRR4784932_1.fastq.gz,/pi/chan.zhou-umw/SeqData/2nd_seq/GSE89403_TB_validation/FASTQ_final/SRR4784932_2.fastq.gz,first
SRR4785005,T,/pi/chan.zhou-umw/SeqData/2nd_seq/GSE89403_TB_validation/FASTQ_final/SRR4785005_1.fastq.gz,/pi/chan.zhou-umw/SeqData/2nd_seq/GSE89403_TB_validation/FASTQ_final/SRR4785005_2.fastq.gz,first
SRR4785006,T,/pi/chan.zhou-umw/SeqData/2nd_seq/GSE89403_TB_validation/FASTQ_final/SRR4785006_1.fastq.gz,/pi/chan.zhou-umw/SeqData/2nd_seq/GSE89403_TB_validation/FASTQ_final/SRR4785006_2.fastq.gz,first
SRR4784951,T,/pi/chan.zhou-umw/SeqData/2nd_seq/GSE89403_TB_validation/FASTQ_final/SRR4784951_1.fastq.gz,/pi/chan.zhou-umw/SeqData/2nd_seq/GSE89403_TB_validation/FASTQ_final/SRR4784951_2.fastq.gz,first
SRR4784952,T,/pi/chan.zhou-umw/SeqData/2nd_seq/GSE89403_TB_validation/FASTQ_final/SRR4784952_1.fastq.gz,/pi/chan.zhou-umw/SeqData/2nd_seq/GSE89403_TB_validation/FASTQ_final/SRR4784952_2.fastq.gz,first
SRR4784959,T,/pi/chan.zhou-umw/SeqData/2nd_seq/GSE89403_TB_validation/FASTQ_final/SRR4784959_1.fastq.gz,/pi/chan.zhou-umw/SeqData/2nd_seq/GSE89403_TB_validation/FASTQ_final/SRR4784959_2.fastq.gz,first
SRR4784960,T,/pi/chan.zhou-umw/SeqData/2nd_seq/GSE89403_TB_validation/FASTQ_final/SRR4784960_1.fastq.gz,/pi/chan.zhou-umw/SeqData/2nd_seq/GSE89403_TB_validation/FASTQ_final/SRR4784960_2.fastq.gz,first
SRR4784981,T,/pi/chan.zhou-umw/SeqData/2nd_seq/GSE89403_TB_validation/FASTQ_final/SRR4784981_1.fastq.gz,/pi/chan.zhou-umw/SeqData/2nd_seq/GSE89403_TB_validation/FASTQ_final/SRR4784981_2.fastq.gz,first
SRR4784982,T,/pi/chan.zhou-umw/SeqData/2nd_seq/GSE89403_TB_validation/FASTQ_final/SRR4784982_1.fastq.gz,/pi/chan.zhou-umw/SeqData/2nd_seq/GSE89403_TB_validation/FASTQ_final/SRR4784982_2.fastq.gz,first
SRR4784989,T,/pi/chan.zhou-umw/SeqData/2nd_seq/GSE89403_TB_validation/FASTQ_final/SRR4784989_1.fastq.gz,/pi/chan.zhou-umw/SeqData/2nd_seq/GSE89403_TB_validation/FASTQ_final/SRR4784989_2.fastq.gz,first
SRR4784990,T,/pi/chan.zhou-umw/SeqData/2nd_seq/GSE89403_TB_validation/FASTQ_final/SRR4784990_1.fastq.gz,/pi/chan.zhou-umw/SeqData/2nd_seq/GSE89403_TB_validation/FASTQ_final/SRR4784990_2.fastq.gz,first
SRR4784997,T,/pi/chan.zhou-umw/SeqData/2nd_seq/GSE89403_TB_validation/FASTQ_final/SRR4784997_1.fastq.gz,/pi/chan.zhou-umw/SeqData/2nd_seq/GSE89403_TB_validation/FASTQ_final/SRR4784997_2.fastq.gz,first
SRR4784998,T,/pi/chan.zhou-umw/SeqData/2nd_seq/GSE89403_TB_validation/FASTQ_final/SRR4784998_1.fastq.gz,/pi/chan.zhou-umw/SeqData/2nd_seq/GSE89403_TB_validation/FASTQ_final/SRR4784998_2.fastq.gz,first
SRR4785021,T,/pi/chan.zhou-umw/SeqData/2nd_seq/GSE89403_TB_validation/FASTQ_final/SRR4785021_1.fastq.gz,/pi/chan.zhou-umw/SeqData/2nd_seq/GSE89403_TB_validation/FASTQ_final/SRR4785021_2.fastq.gz,first
SRR4785022,T,/pi/chan.zhou-umw/SeqData/2nd_seq/GSE89403_TB_validation/FASTQ_final/SRR4785022_1.fastq.gz,/pi/chan.zhou-umw/SeqData/2nd_seq/GSE89403_TB_validation/FASTQ_final/SRR4785022_2.fastq.gz,first
SRR4785029,T,/pi/chan.zhou-umw/SeqData/2nd_seq/GSE89403_TB_validation/FASTQ_final/SRR4785029_1.fastq.gz,/pi/chan.zhou-umw/SeqData/2nd_seq/GSE89403_TB_validation/FASTQ_final/SRR4785029_2.fastq.gz,first
SRR4785030,T,/pi/chan.zhou-umw/SeqData/2nd_seq/GSE89403_TB_validation/FASTQ_final/SRR4785030_1.fastq.gz,/pi/chan.zhou-umw/SeqData/2nd_seq/GSE89403_TB_validation/FASTQ_final/SRR4785030_2.fastq.gz,first
SRR4785037,T,/pi/chan.zhou-umw/SeqData/2nd_seq/GSE89403_TB_validation/FASTQ_final/SRR4785037_1.fastq.gz,/pi/chan.zhou-umw/SeqData/2nd_seq/GSE89403_TB_validation/FASTQ_final/SRR4785037_2.fastq.gz,first
SRR4785038,T,/pi/chan.zhou-umw/SeqData/2nd_seq/GSE89403_TB_validation/FASTQ_final/SRR4785038_1.fastq.gz,/pi/chan.zhou-umw/SeqData/2nd_seq/GSE89403_TB_validation/FASTQ_final/SRR4785038_2.fastq.gz,first
SRR4785045,T,/pi/chan.zhou-umw/SeqData/2nd_seq/GSE89403_TB_validation/FASTQ_final/SRR4785045_1.fastq.gz,/pi/chan.zhou-umw/SeqData/2nd_seq/GSE89403_TB_validation/FASTQ_final/SRR4785045_2.fastq.gz,first
SRR4785046,T,/pi/chan.zhou-umw/SeqData/2nd_seq/GSE89403_TB_validation/FASTQ_final/SRR4785046_1.fastq.gz,/pi/chan.zhou-umw/SeqData/2nd_seq/GSE89403_TB_validation/FASTQ_final/SRR4785046_2.fastq.gz,first
SRR4785051,T,/pi/chan.zhou-umw/SeqData/2nd_seq/GSE89403_TB_validation/FASTQ_final/SRR4785051_1.fastq.gz,/pi/chan.zhou-umw/SeqData/2nd_seq/GSE89403_TB_validation/FASTQ_final/SRR4785051_2.fastq.gz,first
SRR4785052,T,/pi/chan.zhou-umw/SeqData/2nd_seq/GSE89403_TB_validation/FASTQ_final/SRR4785052_1.fastq.gz,/pi/chan.zhou-umw/SeqData/2nd_seq/GSE89403_TB_validation/FASTQ_final/SRR4785052_2.fastq.gz,first
SRR4785063,T,/pi/chan.zhou-umw/SeqData/2nd_seq/GSE89403_TB_validation/FASTQ_final/SRR4785063_1.fastq.gz,/pi/chan.zhou-umw/SeqData/2nd_seq/GSE89403_TB_validation/FASTQ_final/SRR4785063_2.fastq.gz,first
SRR4785064,T,/pi/chan.zhou-umw/SeqData/2nd_seq/GSE89403_TB_validation/FASTQ_final/SRR4785064_1.fastq.gz,/pi/chan.zhou-umw/SeqData/2nd_seq/GSE89403_TB_validation/FASTQ_final/SRR4785064_2.fastq.gz,first
SRR4785071,T,/pi/chan.zhou-umw/SeqData/2nd_seq/GSE89403_TB_validation/FASTQ_final/SRR4785071_1.fastq.gz,/pi/chan.zhou-umw/SeqData/2nd_seq/GSE89403_TB_validation/FASTQ_final/SRR4785071_2.fastq.gz,first
SRR4785072,T,/pi/chan.zhou-umw/SeqData/2nd_seq/GSE89403_TB_validation/FASTQ_final/SRR4785072_1.fastq.gz,/pi/chan.zhou-umw/SeqData/2nd_seq/GSE89403_TB_validation/FASTQ_final/SRR4785072_2.fastq.gz,first
SRR4785135,T,/pi/chan.zhou-umw/SeqData/2nd_seq/GSE89403_TB_validation/FASTQ_final/SRR4785135_1.fastq.gz,/pi/chan.zhou-umw/SeqData/2nd_seq/GSE89403_TB_validation/FASTQ_final/SRR4785135_2.fastq.gz,first
SRR4785136,T,/pi/chan.zhou-umw/SeqData/2nd_seq/GSE89403_TB_validation/FASTQ_final/SRR4785136_1.fastq.gz,/pi/chan.zhou-umw/SeqData/2nd_seq/GSE89403_TB_validation/FASTQ_final/SRR4785136_2.fastq.gz,first
SRR4785079,T,/pi/chan.zhou-umw/SeqData/2nd_seq/GSE89403_TB_validation/FASTQ_final/SRR4785079_1.fastq.gz,/pi/chan.zhou-umw/SeqData/2nd_seq/GSE89403_TB_validation/FASTQ_final/SRR4785079_2.fastq.gz,first
SRR4785080,T,/pi/chan.zhou-umw/SeqData/2nd_seq/GSE89403_TB_validation/FASTQ_final/SRR4785080_1.fastq.gz,/pi/chan.zhou-umw/SeqData/2nd_seq/GSE89403_TB_validation/FASTQ_final/SRR4785080_2.fastq.gz,first
SRR4785087,T,/pi/chan.zhou-umw/SeqData/2nd_seq/GSE89403_TB_validation/FASTQ_final/SRR4785087_1.fastq.gz,/pi/chan.zhou-umw/SeqData/2nd_seq/GSE89403_TB_validation/FASTQ_final/SRR4785087_2.fastq.gz,first
SRR4785088,T,/pi/chan.zhou-umw/SeqData/2nd_seq/GSE89403_TB_validation/FASTQ_final/SRR4785088_1.fastq.gz,/pi/chan.zhou-umw/SeqData/2nd_seq/GSE89403_TB_validation/FASTQ_final/SRR4785088_2.fastq.gz,first
SRR4785095,T,/pi/chan.zhou-umw/SeqData/2nd_seq/GSE89403_TB_validation/FASTQ_final/SRR4785095_1.fastq.gz,/pi/chan.zhou-umw/SeqData/2nd_seq/GSE89403_TB_validation/FASTQ_final/SRR4785095_2.fastq.gz,first
SRR4785096,T,/pi/chan.zhou-umw/SeqData/2nd_seq/GSE89403_TB_validation/FASTQ_final/SRR4785096_1.fastq.gz,/pi/chan.zhou-umw/SeqData/2nd_seq/GSE89403_TB_validation/FASTQ_final/SRR4785096_2.fastq.gz,first
SRR4785111,T,/pi/chan.zhou-umw/SeqData/2nd_seq/GSE89403_TB_validation/FASTQ_final/SRR4785111_1.fastq.gz,/pi/chan.zhou-umw/SeqData/2nd_seq/GSE89403_TB_validation/FASTQ_final/SRR4785111_2.fastq.gz,first
SRR4785112,T,/pi/chan.zhou-umw/SeqData/2nd_seq/GSE89403_TB_validation/FASTQ_final/SRR4785112_1.fastq.gz,/pi/chan.zhou-umw/SeqData/2nd_seq/GSE89403_TB_validation/FASTQ_final/SRR4785112_2.fastq.gz,first
SRR4785119,T,/pi/chan.zhou-umw/SeqData/2nd_seq/GSE89403_TB_validation/FASTQ_final/SRR4785119_1.fastq.gz,/pi/chan.zhou-umw/SeqData/2nd_seq/GSE89403_TB_validation/FASTQ_final/SRR4785119_2.fastq.gz,first
SRR4785120,T,/pi/chan.zhou-umw/SeqData/2nd_seq/GSE89403_TB_validation/FASTQ_final/SRR4785120_1.fastq.gz,/pi/chan.zhou-umw/SeqData/2nd_seq/GSE89403_TB_validation/FASTQ_final/SRR4785120_2.fastq.gz,first
SRR4785127,T,/pi/chan.zhou-umw/SeqData/2nd_seq/GSE89403_TB_validation/FASTQ_final/SRR4785127_1.fastq.gz,/pi/chan.zhou-umw/SeqData/2nd_seq/GSE89403_TB_validation/FASTQ_final/SRR4785127_2.fastq.gz,first
SRR4785128,T,/pi/chan.zhou-umw/SeqData/2nd_seq/GSE89403_TB_validation/FASTQ_final/SRR4785128_1.fastq.gz,/pi/chan.zhou-umw/SeqData/2nd_seq/GSE89403_TB_validation/FASTQ_final/SRR4785128_2.fastq.gz,first
SRR4784583,T,/pi/chan.zhou-umw/SeqData/2nd_seq/GSE89403_TB_validation/FASTQ_final/SRR4784583_1.fastq.gz,/pi/chan.zhou-umw/SeqData/2nd_seq/GSE89403_TB_validation/FASTQ_final/SRR4784583_2.fastq.gz,first
SRR4784584,T,/pi/chan.zhou-umw/SeqData/2nd_seq/GSE89403_TB_validation/FASTQ_final/SRR4784584_1.fastq.gz,/pi/chan.zhou-umw/SeqData/2nd_seq/GSE89403_TB_validation/FASTQ_final/SRR4784584_2.fastq.gz,first
SRR4784611,T,/pi/chan.zhou-umw/SeqData/2nd_seq/GSE89403_TB_validation/FASTQ_final/SRR4784611_1.fastq.gz,/pi/chan.zhou-umw/SeqData/2nd_seq/GSE89403_TB_validation/FASTQ_final/SRR4784611_2.fastq.gz,first
SRR4784612,T,/pi/chan.zhou-umw/SeqData/2nd_seq/GSE89403_TB_validation/FASTQ_final/SRR4784612_1.fastq.gz,/pi/chan.zhou-umw/SeqData/2nd_seq/GSE89403_TB_validation/FASTQ_final/SRR4784612_2.fastq.gz,first
SRR4784619,T,/pi/chan.zhou-umw/SeqData/2nd_seq/GSE89403_TB_validation/FASTQ_final/SRR4784619_1.fastq.gz,/pi/chan.zhou-umw/SeqData/2nd_seq/GSE89403_TB_validation/FASTQ_final/SRR4784619_2.fastq.gz,first
SRR4784620,T,/pi/chan.zhou-umw/SeqData/2nd_seq/GSE89403_TB_validation/FASTQ_final/SRR4784620_1.fastq.gz,/pi/chan.zhou-umw/SeqData/2nd_seq/GSE89403_TB_validation/FASTQ_final/SRR4784620_2.fastq.gz,first
SRR4784721,T,/pi/chan.zhou-umw/SeqData/2nd_seq/GSE89403_TB_validation/FASTQ_final/SRR4784721_1.fastq.gz,/pi/chan.zhou-umw/SeqData/2nd_seq/GSE89403_TB_validation/FASTQ_final/SRR4784721_2.fastq.gz,first
SRR4784722,T,/pi/chan.zhou-umw/SeqData/2nd_seq/GSE89403_TB_validation/FASTQ_final/SRR4784722_1.fastq.gz,/pi/chan.zhou-umw/SeqData/2nd_seq/GSE89403_TB_validation/FASTQ_final/SRR4784722_2.fastq.gz,first
SRR4784797,T,/pi/chan.zhou-umw/SeqData/2nd_seq/GSE89403_TB_validation/FASTQ_final/SRR4784797_1.fastq.gz,/pi/chan.zhou-umw/SeqData/2nd_seq/GSE89403_TB_validation/FASTQ_final/SRR4784797_2.fastq.gz,first
SRR4784798,T,/pi/chan.zhou-umw/SeqData/2nd_seq/GSE89403_TB_validation/FASTQ_final/SRR4784798_1.fastq.gz,/pi/chan.zhou-umw/SeqData/2nd_seq/GSE89403_TB_validation/FASTQ_final/SRR4784798_2.fastq.gz,first
SRR4784827,T,/pi/chan.zhou-umw/SeqData/2nd_seq/GSE89403_TB_validation/FASTQ_final/SRR4784827_1.fastq.gz,/pi/chan.zhou-umw/SeqData/2nd_seq/GSE89403_TB_validation/FASTQ_final/SRR4784827_2.fastq.gz,first
SRR4784828,T,/pi/chan.zhou-umw/SeqData/2nd_seq/GSE89403_TB_validation/FASTQ_final/SRR4784828_1.fastq.gz,/pi/chan.zhou-umw/SeqData/2nd_seq/GSE89403_TB_validation/FASTQ_final/SRR4784828_2.fastq.gz,first
SRR4784889,T,/pi/chan.zhou-umw/SeqData/2nd_seq/GSE89403_TB_validation/FASTQ_final/SRR4784889_1.fastq.gz,/pi/chan.zhou-umw/SeqData/2nd_seq/GSE89403_TB_validation/FASTQ_final/SRR4784889_2.fastq.gz,first
SRR4784890,T,/pi/chan.zhou-umw/SeqData/2nd_seq/GSE89403_TB_validation/FASTQ_final/SRR4784890_1.fastq.gz,/pi/chan.zhou-umw/SeqData/2nd_seq/GSE89403_TB_validation/FASTQ_final/SRR4784890_2.fastq.gz,first
SRR4784277,T,/pi/chan.zhou-umw/SeqData/2nd_seq/GSE89403_TB_validation/FASTQ_final/SRR4784277_1.fastq.gz,/pi/chan.zhou-umw/SeqData/2nd_seq/GSE89403_TB_validation/FASTQ_final/SRR4784277_2.fastq.gz,first
SRR4784278,T,/pi/chan.zhou-umw/SeqData/2nd_seq/GSE89403_TB_validation/FASTQ_final/SRR4784278_1.fastq.gz,/pi/chan.zhou-umw/SeqData/2nd_seq/GSE89403_TB_validation/FASTQ_final/SRR4784278_2.fastq.gz,first
SRR4784337,T,/pi/chan.zhou-umw/SeqData/2nd_seq/GSE89403_TB_validation/FASTQ_final/SRR4784337_1.fastq.gz,/pi/chan.zhou-umw/SeqData/2nd_seq/GSE89403_TB_validation/FASTQ_final/SRR4784337_2.fastq.gz,first
SRR4784338,T,/pi/chan.zhou-umw/SeqData/2nd_seq/GSE89403_TB_validation/FASTQ_final/SRR4784338_1.fastq.gz,/pi/chan.zhou-umw/SeqData/2nd_seq/GSE89403_TB_validation/FASTQ_final/SRR4784338_2.fastq.gz,first
SRR4784907,T,/pi/chan.zhou-umw/SeqData/2nd_seq/GSE89403_TB_validation/FASTQ_final/SRR4784907_1.fastq.gz,/pi/chan.zhou-umw/SeqData/2nd_seq/GSE89403_TB_validation/FASTQ_final/SRR4784907_2.fastq.gz,first
SRR4784908,T,/pi/chan.zhou-umw/SeqData/2nd_seq/GSE89403_TB_validation/FASTQ_final/SRR4784908_1.fastq.gz,/pi/chan.zhou-umw/SeqData/2nd_seq/GSE89403_TB_validation/FASTQ_final/SRR4784908_2.fastq.gz,first
SRR4784939,T,/pi/chan.zhou-umw/SeqData/2nd_seq/GSE89403_TB_validation/FASTQ_final/SRR4784939_1.fastq.gz,/pi/chan.zhou-umw/SeqData/2nd_seq/GSE89403_TB_validation/FASTQ_final/SRR4784939_2.fastq.gz,first
SRR4784940,T,/pi/chan.zhou-umw/SeqData/2nd_seq/GSE89403_TB_validation/FASTQ_final/SRR4784940_1.fastq.gz,/pi/chan.zhou-umw/SeqData/2nd_seq/GSE89403_TB_validation/FASTQ_final/SRR4784940_2.fastq.gz,first
SRR4784973,T,/pi/chan.zhou-umw/SeqData/2nd_seq/GSE89403_TB_validation/FASTQ_final/SRR4784973_1.fastq.gz,/pi/chan.zhou-umw/SeqData/2nd_seq/GSE89403_TB_validation/FASTQ_final/SRR4784973_2.fastq.gz,first
SRR4784974,T,/pi/chan.zhou-umw/SeqData/2nd_seq/GSE89403_TB_validation/FASTQ_final/SRR4784974_1.fastq.gz,/pi/chan.zhou-umw/SeqData/2nd_seq/GSE89403_TB_validation/FASTQ_final/SRR4784974_2.fastq.gz,first
SRR4784497,T,/pi/chan.zhou-umw/SeqData/2nd_seq/GSE89403_TB_validation/FASTQ_final/SRR4784497_1.fastq.gz,/pi/chan.zhou-umw/SeqData/2nd_seq/GSE89403_TB_validation/FASTQ_final/SRR4784497_2.fastq.gz,first
SRR4784498,T,/pi/chan.zhou-umw/SeqData/2nd_seq/GSE89403_TB_validation/FASTQ_final/SRR4784498_1.fastq.gz,/pi/chan.zhou-umw/SeqData/2nd_seq/GSE89403_TB_validation/FASTQ_final/SRR4784498_2.fastq.gz,first
SRR4784627,T,/pi/chan.zhou-umw/SeqData/2nd_seq/GSE89403_TB_validation/FASTQ_final/SRR4784627_1.fastq.gz,/pi/chan.zhou-umw/SeqData/2nd_seq/GSE89403_TB_validation/FASTQ_final/SRR4784627_2.fastq.gz,first
SRR4784628,T,/pi/chan.zhou-umw/SeqData/2nd_seq/GSE89403_TB_validation/FASTQ_final/SRR4784628_1.fastq.gz,/pi/chan.zhou-umw/SeqData/2nd_seq/GSE89403_TB_validation/FASTQ_final/SRR4784628_2.fastq.gz,first
SRR4784835,T,/pi/chan.zhou-umw/SeqData/2nd_seq/GSE89403_TB_validation/FASTQ_final/SRR4784835_1.fastq.gz,/pi/chan.zhou-umw/SeqData/2nd_seq/GSE89403_TB_validation/FASTQ_final/SRR4784835_2.fastq.gz,first
SRR4784836,T,/pi/chan.zhou-umw/SeqData/2nd_seq/GSE89403_TB_validation/FASTQ_final/SRR4784836_1.fastq.gz,/pi/chan.zhou-umw/SeqData/2nd_seq/GSE89403_TB_validation/FASTQ_final/SRR4784836_2.fastq.gz,first
SRR4784845,T,/pi/chan.zhou-umw/SeqData/2nd_seq/GSE89403_TB_validation/FASTQ_final/SRR4784845_1.fastq.gz,/pi/chan.zhou-umw/SeqData/2nd_seq/GSE89403_TB_validation/FASTQ_final/SRR4784845_2.fastq.gz,first
SRR4784846,T,/pi/chan.zhou-umw/SeqData/2nd_seq/GSE89403_TB_validation/FASTQ_final/SRR4784846_1.fastq.gz,/pi/chan.zhou-umw/SeqData/2nd_seq/GSE89403_TB_validation/FASTQ_final/SRR4784846_2.fastq.gz,first
SRR4784895,T,/pi/chan.zhou-umw/SeqData/2nd_seq/GSE89403_TB_validation/FASTQ_final/SRR4784895_1.fastq.gz,/pi/chan.zhou-umw/SeqData/2nd_seq/GSE89403_TB_validation/FASTQ_final/SRR4784895_2.fastq.gz,first
SRR4784896,T,/pi/chan.zhou-umw/SeqData/2nd_seq/GSE89403_TB_validation/FASTQ_final/SRR4784896_1.fastq.gz,/pi/chan.zhou-umw/SeqData/2nd_seq/GSE89403_TB_validation/FASTQ_final/SRR4784896_2.fastq.gz,first
SRR4785057,T,/pi/chan.zhou-umw/SeqData/2nd_seq/GSE89403_TB_validation/FASTQ_final/SRR4785057_1.fastq.gz,/pi/chan.zhou-umw/SeqData/2nd_seq/GSE89403_TB_validation/FASTQ_final/SRR4785057_2.fastq.gz,first
SRR4785058,T,/pi/chan.zhou-umw/SeqData/2nd_seq/GSE89403_TB_validation/FASTQ_final/SRR4785058_1.fastq.gz,/pi/chan.zhou-umw/SeqData/2nd_seq/GSE89403_TB_validation/FASTQ_final/SRR4785058_2.fastq.gz,first
SRR4785103,T,/pi/chan.zhou-umw/SeqData/2nd_seq/GSE89403_TB_validation/FASTQ_final/SRR4785103_1.fastq.gz,/pi/chan.zhou-umw/SeqData/2nd_seq/GSE89403_TB_validation/FASTQ_final/SRR4785103_2.fastq.gz,first
SRR4785104,T,/pi/chan.zhou-umw/SeqData/2nd_seq/GSE89403_TB_validation/FASTQ_final/SRR4785104_1.fastq.gz,/pi/chan.zhou-umw/SeqData/2nd_seq/GSE89403_TB_validation/FASTQ_final/SRR4785104_2.fastq.gz,first
